{"version": 2, "width": 138, "height": 44, "timestamp": 1553008298, "env": {"SHELL": "/usr/local/bin/zsh", "TERM": "xterm-256color"}}
[2.794176, "o", "\u001b[1m\u001b[7m%\u001b[27m\u001b[1m\u001b[0m                                                                                                                                         \r \r"]
[2.795564, "o", "\u001b]2;paul@chestnut: ~/src/jug/dev\u0007\u001b]1;~/src/jug/dev\u0007"]
[2.828274, "o", "\r\u001b[0m\u001b[27m\u001b[24m\u001b[J\u001b[01;32m➜  \u001b[36mdev\u001b[00m \u001b[K"]
[2.828603, "o", "\u001b[?1h\u001b=\u001b[?2004h"]
[3.619706, "o", "m"]
[3.691365, "o", "\bmk"]
[3.779057, "o", "d"]
[3.883438, "o", "i"]
[3.955294, "o", "r"]
[4.035159, "o", " "]
[4.180709, "o", "h"]
[4.300586, "o", "e"]
[4.396489, "o", "l"]
[4.51659, "o", "l"]
[4.660348, "o", "o"]
[5.012473, "o", "-"]
[5.186933, "o", "g"]
[5.235781, "o", "r"]
[5.388301, "o", "a"]
[5.468166, "o", "d"]
[5.588441, "o", "l"]
[5.716097, "o", "e"]
[6.123012, "o", "\u001b[?1l\u001b>"]
[6.123217, "o", "\u001b[?2004l\r\r\n"]
[6.12456, "o", "\u001b]2;mkdir hello-gradle\u0007\u001b]1;mkdir\u0007"]
[6.132631, "o", "\u001b[1m\u001b[7m%\u001b[27m\u001b[1m\u001b[0m                                                                                                                                         \r \r"]
[6.132787, "o", "\u001b]2;paul@chestnut: ~/src/jug/dev\u0007\u001b]1;~/src/jug/dev\u0007"]
[6.15323, "o", "\r\u001b[0m\u001b[27m\u001b[24m\u001b[J\u001b[01;32m➜  \u001b[36mdev\u001b[00m \u001b[K"]
[6.153434, "o", "\u001b[?1h\u001b=\u001b[?2004h"]
[6.652558, "o", "c"]
[6.74159, "o", "\bcd"]
[6.884211, "o", " "]
[7.052109, "o", "!"]
[7.475757, "o", "$"]
[7.548338, "o", "\u001b[?1l\u001b>"]
[7.548735, "o", "\u001b[?2004l\r\r\n"]
[7.54939, "o", "\u001b[1m\u001b[7m%\u001b[27m\u001b[1m\u001b[0m                                                                                                                                         \r \r"]
[7.549568, "o", "\u001b]2;paul@chestnut: ~/src/jug/dev\u0007\u001b]1;~/src/jug/dev\u0007"]
[7.569552, "o", "\r\u001b[0m\u001b[27m\u001b[24m\u001b[J\u001b[01;32m➜  \u001b[36mdev\u001b[00m cd hello-gradle\u001b[K"]
[7.569756, "o", "\u001b[?1h\u001b=\u001b[?2004h"]
[8.132356, "o", "\u001b[?1l\u001b>"]
[8.132706, "o", "\u001b[?2004l\r\r\n"]
[8.133839, "o", "\u001b]2;cd hello-gradle\u0007\u001b]1;cd\u0007"]
[8.134106, "o", "\u001b[1m\u001b[7m%\u001b[27m\u001b[1m\u001b[0m                                                                                                                                         \r \r"]
[8.134295, "o", "\u001b]2;paul@chestnut: ~/src/jug/dev/hello-gradle\u0007\u001b]1;../hello-gradle\u0007"]
[8.154564, "o", "\r\u001b[0m\u001b[27m\u001b[24m\u001b[J\u001b[01;32m➜  \u001b[36mhello-gradle\u001b[00m \u001b[K"]
[8.15472, "o", "\u001b[?1h\u001b="]
[8.154878, "o", "\u001b[?2004h"]
[8.540208, "o", "g"]
[8.604246, "o", "\bgr"]
[8.756242, "o", "a"]
[8.852256, "o", "d"]
[8.964346, "o", "l"]
[9.099748, "o", "e"]
[9.258765, "o", " "]
[9.484547, "o", "i"]
[9.563868, "o", "n"]
[9.667117, "o", "i"]
[9.795025, "o", "t"]
[10.49957, "o", "\u001b[?1l\u001b>"]
[10.49981, "o", "\u001b[?2004l\r\r\n"]
[10.500777, "o", "\u001b]2;gradle init\u0007\u001b]1;gradle\u0007"]
[11.186935, "o", "\r\n\r\n"]
[11.187145, "o", "\u001b[2A\u001b[1m<\u001b[0;1m-------------> 0% EXECUTING [0s]\u001b[m\u001b[33D\u001b[1B\u001b[1m> :wrapper\u001b[m\u001b[10D\u001b[1B"]
[11.377902, "o", "\u001b[2A\u001b[2K\u001b[1B\u001b[2K\u001b[1A"]
[11.378481, "o", "\r\n\u001b[2K\u001b[1B\u001b[2K\u001b[1A"]
[11.379956, "o", "Select type of project to generate:\r\n  1: basic\r\n  2: cpp-application\r\n"]
[11.380119, "o", "  3: cpp-library\r\n  4: groovy-application\r\n  5: groovy-library\r\n  6: java-application\r\n  7: java-library\r\n  8: kotlin-application\r\n  9: kotlin-library\r\n  10: scala-library\r\nEnter selection (default: basic) [1..10] "]
[12.530645, "o", "1"]
[12.954704, "o", "\r\n"]
[13.378025, "o", "\r\n\u001b[2K"]
[13.378198, "o", "\r\n\r\n\u001b[2A\u001b[1m<\u001b[0;1m-------------> 0% EXECUTING [0s]\u001b[m\u001b[33D\u001b[1B\u001b[1m> :wrapper\u001b[m\u001b[10D\u001b[1B"]
[13.380497, "o", "\u001b[2A\u001b[1m<\u001b[0;32;1m======\u001b[0;39;1m-------> 50% EXECUTING [0s]\u001b[m\u001b[34D\u001b[1B\u001b[1m> :init\u001b[m\u001b[0K\u001b[7D\u001b[1B"]
[13.381044, "o", "\u001b[2A\u001b[1m<\u001b[0;32;1m======\u001b[0;39;1m-------> 50% EXECUTING [1s]\u001b[m\u001b[34D\u001b[2B"]
[13.381603, "o", "\u001b[2A\u001b[1m<\u001b[0;32;1m======\u001b[0;39;1m-------> 50% EXECUTING [2s]\u001b[m\u001b[34D\u001b[2B"]
[13.38177, "o", "\u001b[2A\u001b[2K\u001b[1B\u001b[2K\u001b[1A"]
[13.38206, "o", "Select build script DSL:\r\n  1: groovy\r\n  2: kotlin\r\nEnter selection (default: groovy) [1..2] "]
[14.028816, "o", "2"]
[14.459768, "o", "\r\n"]
[15.378724, "o", "\r\n\u001b[2K"]
[15.378936, "o", "\r\n\r\n\u001b[2A\u001b[1m<\u001b[0;32;1m======\u001b[0;39;1m-------> 50% EXECUTING [2s]\u001b[m\u001b[34D\u001b[1B\u001b[1m> :init\u001b[m\u001b[7D\u001b[1B"]
[15.379539, "o", "\u001b[2A\u001b[1m<\u001b[0;32;1m======\u001b[0;39;1m-------> 50% EXECUTING [3s]\u001b[m\u001b[34D\u001b[2B"]
[15.380217, "o", "\u001b[2A\u001b[1m<\u001b[0;32;1m======\u001b[0;39;1m-------> 50% EXECUTING [4s]\u001b[m\u001b[34D\u001b[2B"]
[15.380334, "o", "\u001b[2A\u001b[2K\u001b[1B\u001b[2K\u001b[1A"]
[15.380456, "o", "Project name (default: hello-gradle): \u001b[38D\u001b[1B\u001b[2K\u001b[1B\u001b[2K\u001b[2A\u001b[38C"]
[16.579748, "o", "\r\n"]
[17.330758, "o", "\r\n\u001b[2K\u001b[1B\u001b[2K\u001b[1A"]
[17.330971, "o", "\u001b[1B\r\n\u001b[2A\u001b[1m<\u001b[0;32;1m======\u001b[0;39;1m-------> 50% EXECUTING [4s]\u001b[m\u001b[34D\u001b[1B\u001b[1m> :init\u001b[m\u001b[7D\u001b[1B"]
[17.331617, "o", "\u001b[2A\u001b[1m<\u001b[0;32;1m======\u001b[0;39;1m-------> 50% EXECUTING [5s]\u001b[m\u001b[34D\u001b[2B"]
[17.332212, "o", "\u001b[2A\u001b[1m<\u001b[0;32;1m======\u001b[0;39;1m-------> 50% EXECUTING [6s]\u001b[m\u001b[34D\u001b[2B"]
[17.332728, "o", "\u001b[2A\u001b[0K\r\n\u001b[32;1mBUILD SUCCESSFUL\u001b[0;39m in 6s\r\n2 actionable tasks: 2 executed\r\n\u001b[0K\r\n\u001b[0K\r\n"]
[17.332839, "o", "\u001b[2A\u001b[1m<\u001b[0;1m-------------> 0% WAITING\u001b[m\u001b[26D\u001b[1B\u001b[1m> :init\u001b[m\u001b[7D\u001b[1B"]
[17.332964, "o", "\u001b[2A\u001b[2K\u001b[1B\u001b[2K\u001b[1A"]
[17.33402, "o", "\u001b[0m\u001b[?12l\u001b[?25h"]
[17.699478, "o", "\u001b[1m\u001b[7m%\u001b[27m\u001b[1m\u001b[0m                                                                                                                                         \r \r"]
[17.699704, "o", "\u001b]2;paul@chestnut: ~/src/jug/dev/hello-gradle\u0007\u001b]1;../hello-gradle\u0007"]
[17.718923, "o", "\r\u001b[0m\u001b[27m\u001b[24m\u001b[J\u001b[01;32m➜  \u001b[36mhello-gradle\u001b[00m \u001b[K"]
[17.719091, "o", "\u001b[?1h\u001b="]
[17.719212, "o", "\u001b[?2004h"]
[18.154769, "o", "t"]
[18.234663, "o", "\btr"]
[18.482644, "o", "e"]
[18.605682, "o", "e"]
[19.034681, "o", "\u001b[?1l\u001b>"]
[19.034928, "o", "\u001b[?2004l\r\r\n"]
[19.035839, "o", "\u001b]2;tree\u0007\u001b]1;tree\u0007"]
[19.040454, "o", ".\r\n├── build.gradle.kts\r\n"]
[19.040644, "o", "├── gradle\r\n"]
[19.040845, "o", "│   └── wrapper\r\n│       ├── gradle-wrapper.jar\r\n│       └── gradle-wrapper.properties\r\n├── gradlew\r\n├── gradlew.bat\r\n└── settings.gradle.kts\r\n\r\n2 directories, 6 files\r\n"]
[19.041041, "o", "\u001b[1m\u001b[7m%\u001b[27m\u001b[1m\u001b[0m                                                                                                                                         \r \r"]
[19.041278, "o", "\u001b]2;paul@chestnut: ~/src/jug/dev/hello-gradle\u0007\u001b]1;../hello-gradle\u0007"]
[19.058997, "o", "\r\u001b[0m\u001b[27m\u001b[24m\u001b[J\u001b[01;32m➜  \u001b[36mhello-gradle\u001b[00m "]
[19.059224, "o", "\u001b[K\u001b[?1h\u001b=\u001b[?2004h"]
[20.234667, "o", "c"]
[20.434727, "o", "\bca"]
[20.587742, "o", "t"]
